{"main":"american-flights-api.raml","name":"American Flights API","organizationId":"bc0c1882-5865-4c60-a553-704d0a4095c0","groupId":"bc0c1882-5865-4c60-a553-704d0a4095c0","assetId":"american-flights-api","version":"1.0.2","metadata":{"branchId":"master","commitId":"8d4c5398ba79b836ada9eb0d3a5d3d7ea92d1a4f","projectId":"4ca5f757-fd00-4319-b833-117a7d285cb7"},"apiVersion":"v1","classifier":"raml","dependencies":[{"assetId":"training-american-flights-example","groupId":"68ef9520-24e9-4cf2-b2f5-620025690913","version":"1.0.1"},{"assetId":"training-american-flight-data-type","groupId":"68ef9520-24e9-4cf2-b2f5-620025690913","version":"1.0.1"}],"tags":[],"originalFormatVersion":"1.0"}